Series Name,Series Code,Country Name,Country Code,1990 [YR1990],2000 [YR2000],2015 [YR2015],2016 [YR2016],2017 [YR2017],2018 [YR2018],2019 [YR2019],2020 [YR2020],2021 [YR2021],2022 [YR2022],2023 [YR2023],2024 [YR2024]
GDP growth (annual %),NY.GDP.MKTP.KD.ZG,Afghanistan,AFG,..,..,1.45131466066431,2.26031420279821,2.6470032027451,1.18922812944517,3.91160341625552,-2.35110067203466,-20.7388393676343,-6.24017199240269,2.26694373649188,..
GDP growth (annual %),NY.GDP.MKTP.KD.ZG,Albania,ALB,-9.57564016993408,7.46285871776054,2.2277040745779,3.90893551362245,3.28317593330073,3.67141928098908,2.06257790176122,-3.31375636888916,8.96957619074095,4.82669611912765,3.93661689192599,3.96171911223713
GDP growth (annual %),NY.GDP.MKTP.KD.ZG,Algeria,DZA,0.800000580174981,3.80000000158476,3.20000000089023,3.90000000017621,1.49999999895587,1.40000000088281,0.899999999219148,-4.99999999908597,3.79999999900707,3.60000000094915,4.10000000005964,3.29999999939609
GDP growth (annual %),NY.GDP.MKTP.KD.ZG,American Samoa,ASM,..,..,3.14960629921259,-1.67938931297709,-6.98757763975155,2.6711185308848,-0.487804878048777,4.41176470588236,-0.782472613458523,1.73501577287065,..,..
GDP growth (annual %),NY.GDP.MKTP.KD.ZG,Andorra,AND,3.78138754899436,3.52836236122388,1.43414039522716,3.70967806978986,0.346071889630295,1.58876549046354,2.01554763848308,-11.1839399355384,8.28677879049404,9.56461225648184,2.58355480961319,3.37182032638998
GDP growth (annual %),NY.GDP.MKTP.KD.ZG,Angola,AGO,-3.45009868500253,3.05462423430785,0.943571561325001,-2.58004964404932,-0.147212941085755,-1.31636168896895,-0.702272957616017,-5.63821471714934,1.19921052145153,3.04472652391918,1.07809951970673,4.42390452944746
GDP growth (annual %),NY.GDP.MKTP.KD.ZG,Antigua and Barbuda,ATG,3.01181316687232,6.20355212555867,1.42161997595372,4.1203675438061,2.71272657973627,6.71200487159726,3.1722219373937,-18.8687765208148,8.17286311186622,9.10780623385958,2.42736300110336,4.32752145036402
GDP growth (annual %),NY.GDP.MKTP.KD.ZG,Argentina,ARG,-2.46721377810472,-0.78899893905691,2.73115982828944,-2.08032784377811,2.81850297775918,-2.61739646282038,-2.00086100285785,-9.9004848136464,10.4418119882506,5.26987967384072,-1.61100162090189,-1.71910514722377
GDP growth (annual %),NY.GDP.MKTP.KD.ZG,Armenia,ARM,..,5.90000000312092,3.19999999896625,0.199999999825991,7.50000000164144,5.19999999965324,7.59999999853918,-7.19999999920631,5.80000000065645,12.5999999997766,8.29999999959539,5.90000000046228
GDP growth (annual %),NY.GDP.MKTP.KD.ZG,Aruba,ABW,3.96140172360629,7.62292064930222,-0.623625902371245,1.71962497989442,7.04853338603499,2.39708619981323,-2.23244202651868,-26.2118202145169,24.1326273569798,8.51791810517545,4.26371941452948,..
GDP growth (annual %),NY.GDP.MKTP.KD.ZG,Australia,AUS,3.57741096455418,3.9215029305806,2.19016928695221,2.7593859723839,2.27959179820343,2.87846971467883,2.17154505737176,-0.119590735829973,2.11116814768786,4.24238555336139,3.44199220009025,1.4311125201703
GDP growth (annual %),NY.GDP.MKTP.KD.ZG,Austria,AUT,4.34564183768971,3.18952292988787,1.30352331826198,2.11721964494312,2.27224992038207,2.48422114080024,1.75497619649288,-6.31825509209936,4.79532885699543,5.27789448538658,-0.954962529389121,-1.17354053552188
GDP growth (annual %),NY.GDP.MKTP.KD.ZG,Azerbaijan,AZE,..,11.0999991434346,1.04954636804402,-3.06359845351244,0.153614646686151,1.5004017069941,2.47980893443938,-4.19896079231232,5.61644026860644,4.71468037857544,1.35447731755447,4.07140210544654
GDP growth (annual %),NY.GDP.MKTP.KD.ZG,"Bahamas, The",BHS,-1.59624908755521,4.14841930754267,0.996748943241684,-1.15626703753399,3.37123648611268,2.39852000603884,-0.839051301013157,-20.0895554324841,17.5868973691568,10.8774550145968,3.0487749628502,3.37850660746146
GDP growth (annual %),NY.GDP.MKTP.KD.ZG,Bahrain,BHR,4.43799717642609,5.30006940305884,2.50787205267615,3.81499327422425,4.95383534123657,2.05258864979861,2.05287774418655,-5.9113629524152,4.35004091668986,6.18016125475185,3.87811614845566,3.01724839092739
GDP growth (annual %),NY.GDP.MKTP.KD.ZG,Bangladesh,BGD,5.62225816160344,5.29329471892532,6.55263987816197,7.11347821270093,6.59024999794057,7.31941263014136,7.88191515117722,3.44801755122445,6.93867912442445,7.09982877575158,5.77511237007889,4.22325911250161
GDP growth (annual %),NY.GDP.MKTP.KD.ZG,Barbados,BRB,-3.30759330759331,4.44718962836241,-0.846098521356325,1.79193033431267,0.12844600157031,-1.17406509373819,0.652585417698418,-15.0543629495892,-0.254965880216531,17.8328630251327,4.09382010970572,3.80000031896743
GDP growth (annual %),NY.GDP.MKTP.KD.ZG,Belarus,BLR,..,5.80000326754649,-3.82957055828362,-2.52644643552377,2.53218350023008,3.14919759374968,1.4464554769185,-0.67274295062424,2.43886212396822,-4.65839591573585,4.12654007153881,4.00984852465452
GDP growth (annual %),NY.GDP.MKTP.KD.ZG,Belgium,BEL,3.13740221731629,3.71670510672588,1.47416433731927,1.19350273007754,1.47446761556785,1.87796847383565,2.4428900448156,-4.7929839083518,6.20759981274431,4.2593607365269,1.201691781997,1.01889862506124
GDP growth (annual %),NY.GDP.MKTP.KD.ZG,Belize,BLZ,11.4464944649447,12.2404595814526,2.87618379515959,0.0545516535970023,-1.81285354051658,1.11057125008675,4.26763689618086,-13.9029100645218,17.7461701205679,9.65297772389758,1.14901682065862,8.15178982706797
GDP growth (annual %),NY.GDP.MKTP.KD.ZG,Benin,BEN,8.9761343599898,5.85771420543269,1.77815106030278,3.33967342629693,5.67156195150444,6.69725362180888,6.86568662848335,3.84879240030133,7.1554516457574,6.25294705373625,6.3527773854442,7.45311566226201
GDP growth (annual %),NY.GDP.MKTP.KD.ZG,Bermuda,BMU,0.0192122847020073,9.31715641086083,0.775529699568978,-0.657206304259205,3.61141983706115,-0.432801300339307,0.307106461240664,-6.82757303480177,4.60742917109469,6.47622571186707,4.91721557264164,2.10536882220231
GDP growth (annual %),NY.GDP.MKTP.KD.ZG,Bhutan,BTN,10.3831179126517,3.35506838174288,6.66080128866197,8.47594339232963,2.08684522733067,3.50187185732737,5.75514851246506,-10.2183974208569,4.42136738945015,5.21386783786224,4.88259396253632,..
GDP growth (annual %),NY.GDP.MKTP.KD.ZG,Bolivia,BOL,4.63578742813276,2.50781080899483,4.85718717971413,4.26392086382113,4.19520633360395,4.22362365271844,2.21670563961031,-8.7378843576993,6.11137269714146,3.60568042633635,3.08196521047731,1.38468278972252
GDP growth (annual %),NY.GDP.MKTP.KD.ZG,Bosnia and Herzegovina,BIH,..,5.41431594987489,4.31475061116335,3.24225521171914,3.24410095889466,3.82749920546897,2.88734334414875,-3.01509514759861,7.38996234012757,4.22681101095546,1.99439520319464,2.48004708382834
GDP growth (annual %),NY.GDP.MKTP.KD.ZG,Botswana,BWA,6.77282195004784,1.98769583378552,-4.85132504617629,7.20442475914267,4.11437856026637,4.1886923900019,3.03177337082403,-8.72888241149465,11.916272413183,5.48601706446772,3.20806812224438,-2.98986879467928
GDP growth (annual %),NY.GDP.MKTP.KD.ZG,Brazil,BRA,-4.35000000000022,4.38794944745618,-3.54576339269425,-3.27591690782192,1.32286905404399,1.783666761634,1.22077782360842,-3.2767587964736,4.76260437908608,3.01669435393015,3.24165532906981,3.39586645454844
GDP growth (annual %),NY.GDP.MKTP.KD.ZG,British Virgin Islands,VGB,..,..,..,..,..,..,..,..,..,..,..,..
GDP growth (annual %),NY.GDP.MKTP.KD.ZG,Brunei Darussalam,BRN,2.64307356617202,3.47467625024112,-0.392383487933529,-2.47791776520457,1.32872651318183,0.0523710544736673,3.86884416432889,1.13357340605403,-1.59076248075436,-1.62833154022366,1.12764419161606,4.20037273472056
GDP growth (annual %),NY.GDP.MKTP.KD.ZG,Bulgaria,BGR,-9.11737709565379,4.58722551038977,3.39755325869422,3.02662893138918,2.74592644707793,2.5494643471818,3.78885036478003,-3.21573743445016,7.78061481406978,4.03877758301681,1.88681483907177,2.81082775188881
GDP growth (annual %),NY.GDP.MKTP.KD.ZG,Burkina Faso,BFA,-0.602928477580988,1.88847388906525,3.9212287937935,5.95797670754024,6.20348941121868,6.60456906812341,5.88920497068135,2.01077262406221,6.94252492572348,1.4972397409897,2.96018147384929,4.98510300625183
GDP growth (annual %),NY.GDP.MKTP.KD.ZG,Burundi,BDI,3.49982213611253,-0.856864058424151,-3.9000000804855,-0.600000909116389,0.500001262429279,1.60993542127714,1.81256532401552,0.327156892638385,3.09999999870627,1.84899943948213,2.66553960418187,3.48923174838968
GDP growth (annual %),NY.GDP.MKTP.KD.ZG,Cabo Verde,CPV,0.692171874476983,14.2848688450919,0.936026507808833,4.28071482662371,4.5513148102974,3.70696458310842,6.94782634051859,-20.8052758990735,7.03353010694514,15.843675684642,5.3911442736601,7.27188147204411
GDP growth (annual %),NY.GDP.MKTP.KD.ZG,Cambodia,KHM,1.16231184838939,9.99358032292079,7.20703472529512,7.90550116130704,8.07503915535979,8.77622376224463,7.93695013588524,-3.55572193406549,3.08984284151994,5.12990110767267,5.00733043812642,6.01581457354608
GDP growth (annual %),NY.GDP.MKTP.KD.ZG,Cameroon,CMR,-6.10569764600656,3.83241779430614,5.66695298703932,4.53579423678801,3.54117654926007,3.95551423892049,3.47505998194981,0.259932915907115,3.33885747179505,3.7367840056412,3.24834497823876,3.67074284680984
GDP growth (annual %),NY.GDP.MKTP.KD.ZG,Canada,CAN,0.202947874139198,5.1385391803606,0.649971001734855,1.03855092490855,3.03383491200222,2.74296344906655,1.90843194590616,-5.03823343468899,5.95052802804381,4.18903628100851,1.52874550838358,1.5280811085284
GDP growth (annual %),NY.GDP.MKTP.KD.ZG,Cayman Islands,CYM,..,..,2.8331222262961,3.23997433895669,3.18404592334522,4.26726745249641,3.91563534249416,-4.95480640759244,4.90492941270442,5.15632954248333,4.35967595700366,..
GDP growth (annual %),NY.GDP.MKTP.KD.ZG,Central African Republic,CAF,-2.14752806574087,-2.48943244028874,4.33712103020231,4.75031684122342,4.52727821346231,3.78944359275462,3.09999999999999,0.899999996857062,0.982919996264229,0.453901881507008,0.69996838992121,1.53963247482849
GDP growth (annual %),NY.GDP.MKTP.KD.ZG,Chad,TCD,-4.17847237277668,-0.879681025444938,3.31088567417588,-4.12992837205852,-1.62799367083434,5.74111580758154,5.38865646919793,-0.408894363255357,0.29397916326441,12.8966164300082,4.11745179201004,3.65445110463405
GDP growth (annual %),NY.GDP.MKTP.KD.ZG,Channel Islands,CHI,..,..,0.374367083829384,1.21302407657195,1.80648131383585,1.1222435658518,1.57335596156342,-8.89677926591959,9.93680136985076,5.34196140375869,3.71500590367266,..
GDP growth (annual %),NY.GDP.MKTP.KD.ZG,Chile,CHL,3.59872304691744,4.9716214882971,2.15194249981184,1.753038749071,1.35769537343957,3.99002947789977,0.634367533828438,-6.14347479224092,11.3149204879049,2.15399356192458,0.521367977246825,2.64431154871538
GDP growth (annual %),NY.GDP.MKTP.KD.ZG,China,CHN,3.9416305983694,8.58643201808462,6.97878002657477,6.77555562837017,6.8912663621211,6.75671800166833,6.06850235053705,2.34018843078414,8.57008513166322,3.1341888719577,5.41484330099675,4.9773565917572
GDP growth (annual %),NY.GDP.MKTP.KD.ZG,Colombia,COL,4.28199833053058,2.92486148176778,2.95590137527523,2.08738250162794,1.35936086788746,2.56432428277704,3.18685539245533,-7.18591413760859,10.8011981904878,7.32827729427979,0.712380031974334,1.7438014504116
GDP growth (annual %),NY.GDP.MKTP.KD.ZG,Comoros,COM,5.09123641339696,10.847878616072,1.99206468746939,2.78022854212236,5.59618952073011,4.05960593662805,3.62877024437186,4.00531793513311,2.72579845079559,2.81839506562636,3.06466236855576,3.3887835062684
GDP growth (annual %),NY.GDP.MKTP.KD.ZG,"Congo, Dem. Rep.",COD,-6.56831069464246,-6.91092731652101,6.91616711922561,2.39939891133452,3.7269476588301,5.82112109969025,4.38452887429834,1.73542276681493,6.20015401075946,8.92444785079518,8.60908972348436,6.67593028986779
GDP growth (annual %),NY.GDP.MKTP.KD.ZG,"Congo, Rep.",COG,1.00000356627487,7.5759803952642,0.415193061293763,-8.68524343913786,-5.59477371915547,-2.30431780125842,1.12447391976529,-6.26777227963225,1.01507036990908,1.47535613247133,1.90686426346754,2.57966639535138
GDP growth (annual %),NY.GDP.MKTP.KD.ZG,Costa Rica,CRI,3.55306336572285,3.86871808953644,3.65208096802883,4.20432325175899,4.1576989627609,2.6159044043379,2.41751181762513,-4.27335432161462,7.93576224743147,4.55149177958398,5.11192183229137,4.32122429647224
GDP growth (annual %),NY.GDP.MKTP.KD.ZG,Cote d'Ivoire,CIV,-1.09590841238308,-0.265789462275947,7.19494942728191,7.17275963956332,7.41076242592504,4.84314605889178,6.72137167584978,0.699728593494228,7.06332910205232,6.39988362720531,6.45045796902575,5.95000000002031
GDP growth (annual %),NY.GDP.MKTP.KD.ZG,Croatia,HRV,..,2.94525299539681,2.32317515803855,3.46112947356767,3.28095812140658,2.90468149344008,3.10043911443758,-8.31164257884687,12.6317003277712,7.28793643206565,3.30254488086325,3.81494521667429
GDP growth (annual %),NY.GDP.MKTP.KD.ZG,Cuba,CUB,-2.94856494503389,5.9147601740486,4.4383335888395,0.512843095700745,1.80979177212284,2.24794854086232,-0.163087223606624,-10.9490846048862,1.25369342501311,1.77504879825767,-1.92937123169681,..
GDP growth (annual %),NY.GDP.MKTP.KD.ZG,Curacao,CUW,..,..,0.458151544160046,-1.06770848655277,-1.2762081008495,-2.10411133101029,-3.20613171902535,-18.4384703505394,4.18371193053551,7.92300000000002,4.20199999999993,..
GDP growth (annual %),NY.GDP.MKTP.KD.ZG,Cyprus,CYP,7.40399951139527,5.96530445494226,3.41892038889013,6.57359080924678,5.75083236554525,6.27166360056404,5.87559583386607,-3.22063018637567,11.3881892684305,7.20486780743879,2.76390975419605,3.4480617042135
GDP growth (annual %),NY.GDP.MKTP.KD.ZG,Czechia,CZE,..,4.010669619984,4.95875848915604,2.58087013921376,5.17356529967881,2.83030588267866,3.56577658128261,-5.30487955463876,4.02901832055149,2.8471706583814,-0.0552618201120225,1.12038462698665
GDP growth (annual %),NY.GDP.MKTP.KD.ZG,Denmark,DNK,1.66026774169177,3.72400899471576,2.10441456445301,3.07304549209093,3.05647723922718,1.8600074900921,1.71140093932736,-1.78010601831291,7.38206633449863,1.54017307357893,2.49518434516773,3.67619734971929
GDP growth (annual %),NY.GDP.MKTP.KD.ZG,Djibouti,DJI,..,..,7.30898563450799,7.1234323372872,5.458091517212,4.77433934943193,5.54508081154978,1.2021151728969,4.40715667561153,5.16653702854374,7.37207148701995,5.95382998854848
GDP growth (annual %),NY.GDP.MKTP.KD.ZG,Dominica,DMA,5.41798351146888,2.34021932069383,-3.37338262476895,1.44724556489263,-7.5443637547282,2.964010610466,3.94809757938053,-15.7064024545862,5.37983838954712,10.3968076616121,3.65221012208734,2.052738472526
GDP growth (annual %),NY.GDP.MKTP.KD.ZG,Dominican Republic,DOM,-5.45431239511254,4.65172550299128,6.98771131236387,6.71974078681295,3.93386176401576,7.09751640210159,4.8940301149584,-7.92905234231061,14.0124289062207,5.23795652902595,2.19229848237939,4.95169687182482
GDP growth (annual %),NY.GDP.MKTP.KD.ZG,Ecuador,ECU,3.67991405308877,1.09180164720277,0.119692109287612,-0.687954245877947,5.97039880954841,1.04429460679607,0.1654044646003,-9.24509619165865,9.42189269033631,5.86842354862311,1.98823813984235,-2.00125476341026
GDP growth (annual %),NY.GDP.MKTP.KD.ZG,"Egypt, Arab Rep.",EGY,5.66702915715818,6.37000382991766,4.37201907790141,4.34664345555447,4.18122099994778,5.3311086189448,5.55209307156956,3.55016483786838,3.29064601202211,6.58784560886967,3.76028052279247,2.3991692678251
GDP growth (annual %),NY.GDP.MKTP.KD.ZG,El Salvador,SLV,4.83290057793786,1.12790697674419,2.40000008852115,2.53906241135864,2.24761908134138,2.4124442237792,2.43747159065784,-7.893101359867,11.9047617015957,2.95461516549889,3.5391566928735,2.60202016121069
GDP growth (annual %),NY.GDP.MKTP.KD.ZG,Equatorial Guinea,GNQ,-1.75856408496443,18.2137799569674,-9.11004114881537,-8.81641723219757,-5.66750850486686,-6.23654406734575,-5.48182537893445,-4.79108083383294,0.860269956382069,3.22350831658598,-5.08930872071532,0.907248245986736
GDP growth (annual %),NY.GDP.MKTP.KD.ZG,Eritrea,ERI,..,-3.14198590251638,..,..,..,..,..,..,..,..,..,..
GDP growth (annual %),NY.GDP.MKTP.KD.ZG,Estonia,EST,..,10.0876385800462,1.83815262882932,3.09301920751959,5.63467248963991,3.69969756161726,3.72664943466884,-2.88380751483778,7.15444676280146,0.0604305165130938,-3.02303874520777,-0.261006210060856
GDP growth (annual %),NY.GDP.MKTP.KD.ZG,Eswatini,SWZ,21.0180005361393,1.76017364057921,2.04693015099366,4.67584583731528,1.45679297569019,0.256586001893197,6.0831764512818,-2.86288213677992,3.43496891197057,1.1195906677553,3.44447831200682,2.64070461612
GDP growth (annual %),NY.GDP.MKTP.KD.ZG,Ethiopia,ETH,2.72645178272684,6.07321747957951,10.3924630202332,9.43348265784411,9.56418965754014,6.81614778557282,8.36408573314054,6.05953089054807,5.64153069257077,5.32175988403378,6.59424599357075,7.31669112848382
GDP growth (annual %),NY.GDP.MKTP.KD.ZG,Faroe Islands,FRO,..,..,0.958001934486234,1.38644795938293,3.51201367488443,2.76370952267429,4.53851028676189,-1.63732118017028,5.50438017256558,3.55602380418398,2.4890581166362,..
GDP growth (annual %),NY.GDP.MKTP.KD.ZG,Fiji,FJI,5.80000272386,-1.69999841605511,4.50120041028764,2.44565179664174,5.35336455965106,3.81235122208518,-0.581946709343811,-17.0386673704039,-4.88103619598493,19.7927266886699,7.5242913513424,3.82899888724594
GDP growth (annual %),NY.GDP.MKTP.KD.ZG,Finland,FIN,0.691649917806032,5.75373770498848,0.466503766322674,2.57193414898754,3.30337003591039,1.19297759742292,1.34973845741737,-2.49103605535707,2.67634641498897,0.763041912763526,-0.946904862611035,-0.154214821070312
GDP growth (annual %),NY.GDP.MKTP.KD.ZG,France,FRA,2.82962715326478,4.14099996402915,1.06675474783462,0.860031075424033,2.08361485997399,1.64590872395887,2.02744646419237,-7.44064589948231,6.88233783360239,2.57084047567793,0.936487518850853,1.16613851497229
GDP growth (annual %),NY.GDP.MKTP.KD.ZG,French Polynesia,PYF,0.129883207294256,3.24541101308193,1.80334081452726,2.30219823670438,4.29263363103487,1.87123191091266,2.70001206709303,-7.05094422106298,2.09452990658549,4.46637969963146,2.99692707779566,..
GDP growth (annual %),NY.GDP.MKTP.KD.ZG,Gabon,GAB,5.19223727652398,-1.88296639760897,3.8788993950789,2.09144220829562,0.472642030911146,0.83791658082157,3.92080879452831,-1.8377610635094,1.46795731508091,3.03761449525692,2.44588083096593,3.38390760783467
GDP growth (annual %),NY.GDP.MKTP.KD.ZG,"Gambia, The",GMB,3.55887936756983,5.50000021632955,4.0580738039996,1.94335965478776,4.8226112492757,7.23489033258579,6.22205315994859,0.591487287873974,5.25596878816744,5.49299825508946,4.79750894530943,5.74671765535597
GDP growth (annual %),NY.GDP.MKTP.KD.ZG,Georgia,GEO,-14.788785046729,1.84038117927339,3.35102350265353,3.45021517996871,5.15990261658827,6.062036412677,5.38071926589951,-6.2904717853839,10.6442336580969,10.9585321385624,7.83220126555726,9.42857220157775
GDP growth (annual %),NY.GDP.MKTP.KD.ZG,Germany,DEU,5.25500609657068,2.87724595591061,1.65271978656361,2.29471066413561,2.71602454639843,1.11644310902427,0.987893350164853,-4.09513751682526,3.6699998840452,1.36973104612758,-0.266438401180253,-0.238526858256165
GDP growth (annual %),NY.GDP.MKTP.KD.ZG,Ghana,GHA,3.32881788321653,3.70000008164408,2.12075933817334,3.37346574966936,8.12889488100956,6.20007768127284,6.5077747939152,0.513941670628171,5.07646643533542,3.80484980952164,3.14009099763754,5.68487260389836
GDP growth (annual %),NY.GDP.MKTP.KD.ZG,Gibraltar,GIB,..,..,..,..,..,..,..,..,..,..,..,..
GDP growth (annual %),NY.GDP.MKTP.KD.ZG,Greece,GRC,0,4.13782699405849,-0.228301892172851,-0.0317947678412054,1.47312472702352,2.06467207892409,2.27718065334808,-9.19623149726978,8.65449786002131,5.74364902526337,2.33212444945818,2.27173622615105
GDP growth (annual %),NY.GDP.MKTP.KD.ZG,Greenland,GRL,-11.7195329863483,7.10159688181619,-2.52931802394475,4.68195410972302,0.0527281828800312,0.62306542854094,2.83217756798683,0.250789762104304,1.63409410992996,2.00455580865604,0.865961986998158,..
GDP growth (annual %),NY.GDP.MKTP.KD.ZG,Grenada,GRD,4.01261191599704,4.88795213650562,6.44522314693144,3.7396039558691,4.43867566948151,4.36144039364797,0.676511738873756,-13.7566222572107,4.68747816934534,7.32074061551874,4.67976181593586,3.69305932786197
GDP growth (annual %),NY.GDP.MKTP.KD.ZG,Guam,GUM,..,..,0.825688073394488,0.18198362147406,0.890099909173486,-0.828231904933389,2.52360203340596,-10.5188595714539,2.0581832574708,5.09986426216793,..,..
GDP growth (annual %),NY.GDP.MKTP.KD.ZG,Guatemala,GTM,3.10256317557587,3.6088687174876,4.09217072141163,2.67780273264368,3.07985127147485,3.40687346472738,4.0178979343828,-1.78555194467604,8.0417038372514,4.18451808712605,3.53315670086947,3.65186462898195
GDP growth (annual %),NY.GDP.MKTP.KD.ZG,Guinea,GIN,4.3240627548313,2.50306056299607,3.82591056949435,10.82062719659,10.3000053427355,6.35849192736715,5.61691446889876,4.70459096113575,5.5823328114905,3.97240784200721,5.54172668627702,5.6685239347435
GDP growth (annual %),NY.GDP.MKTP.KD.ZG,Guinea-Bissau,GNB,6.09999998628119,1.10027815777423,6.1340893623123,5.4326782650304,4.66367943913264,3.76145359637003,5.56574533585568,2.12811490126288,5.23736640634888,5.58513728011474,4.46369936133392,4.81348595188295
GDP growth (annual %),NY.GDP.MKTP.KD.ZG,Guyana,GUY,-3.06748466406728,-1.36380390261873,0.687404590619494,3.80745626378814,3.73449154571284,4.44091288475967,5.35284003535665,43.479651716849,20.0599975568418,63.3346343654855,33.795011115873,43.3720094777132
GDP growth (annual %),NY.GDP.MKTP.KD.ZG,Haiti,HTI,1.03812280198248,0.870059259424892,1.40000000859727,1.81246807847532,2.51027134544685,1.66781095484656,-1.72309699839232,-3.30550546965893,-1.79823988931486,-1.68198396897978,-1.86388420254838,-4.16963395808132
GDP growth (annual %),NY.GDP.MKTP.KD.ZG,Honduras,HND,2.7917489495977,7.29128815869618,3.84007997093951,3.89297219726413,4.84291391050387,3.84499476966735,2.55963434592314,-8.96508223267296,12.5652843771279,4.14356194013767,3.57584760454412,3.55397003296669
GDP growth (annual %),NY.GDP.MKTP.KD.ZG,"Hong Kong SAR, China",HKG,3.83057456206777,7.66340826591482,2.38778339545998,2.17543692765861,3.79611358119647,2.84693457597662,-1.67239516545338,-6.54478320166854,6.4544247325683,-3.68375141698573,3.21448901714471,2.5411975388228
GDP growth (annual %),NY.GDP.MKTP.KD.ZG,Hungary,HUN,-3.49665976181741,4.40937501806403,3.65981615406955,2.43864141309342,4.12418389451805,5.60613813768876,5.07718495088933,-4.33872540024058,7.22291580811137,4.27034755162904,-0.842528840639091,0.512305790657138
GDP growth (annual %),NY.GDP.MKTP.KD.ZG,Iceland,ISL,1.16937030878044,4.98504276049793,4.43666373898085,6.30368712479275,4.19494878934674,4.88917300218223,1.8611779461166,-6.94045306829003,5.03340613127381,8.97897085175497,5.64646181923563,0.516863121729386
GDP growth (annual %),NY.GDP.MKTP.KD.ZG,India,IND,5.53345456125301,3.84099115659129,7.99625378571471,8.25630550179086,6.79538341897911,6.45385134497769,3.87143694070356,-5.77772470686801,9.68959249192875,7.60936497768895,9.19075493028345,6.48422363033757
GDP growth (annual %),NY.GDP.MKTP.KD.ZG,Indonesia,IDN,7.24213163856464,4.9200677470169,4.87632230022123,5.03306918280177,5.06978590134916,5.17429153955024,5.01928768046282,-2.06551182934165,3.70288562827751,5.30719722664799,5.04902331835997,5.03034469419038
GDP growth (annual %),NY.GDP.MKTP.KD.ZG,"Iran, Islamic Rep.",IRN,13.5949264435839,5.84552747587396,-1.42488493937491,8.8150866425182,2.75850524578875,-1.83800757093036,-3.0705879849703,3.33028845926594,4.71977773157164,3.77663140152906,5.04489019512138,3.0400003094751
GDP growth (annual %),NY.GDP.MKTP.KD.ZG,Iraq,IRQ,57.8178283456035,16.7961344440251,2.60676642939541,13.7873730187089,-1.81975035118309,2.63385099105624,5.51379057542323,-12.0367930931152,1.50218070952037,7.95904804992662,0.517705525131191,-1.54525198318304
GDP growth (annual %),NY.GDP.MKTP.KD.ZG,Ireland,IRL,8.46652726348809,9.40352464290197,24.6155698980205,1.2226384923421,10.0496284821662,7.5443421414267,5.04054996161159,7.1578988000836,16.2556135233358,8.61950345618772,-5.5300073886596,1.22133429898928
GDP growth (annual %),NY.GDP.MKTP.KD.ZG,Isle of Man,IMN,4.1869768973626,5.30000152552805,-0.385866882198087,6.95230284899407,2.83775807093689,2.2133975392251,0.254877847398262,-8.83681697473475,3.83783632334639,-4.16539345213232,..,..
GDP growth (annual %),NY.GDP.MKTP.KD.ZG,Israel,ISR,7.3151991944807,8.58208942390802,2.23760317482488,4.45978271860821,4.3469311670646,4.00389862187025,3.71049632750405,-2.02161548237589,9.38837403354628,6.26326343841286,1.82652049482384,0.871968424377442
GDP growth (annual %),NY.GDP.MKTP.KD.ZG,Italy,ITA,1.98577491758405,3.88209885062652,0.885667635240807,1.23622108511661,1.60369995294101,0.826646712344115,0.429162533780342,-8.86822122185345,8.93106210800055,4.82117669913565,0.715372500867531,0.725792380234424
GDP growth (annual %),NY.GDP.MKTP.KD.ZG,Jamaica,JAM,4.2005351147029,0.87870354796236,0.92148712538031,1.37522306445538,0.997123062335191,1.88992368121086,0.892291653822227,-9.92032245054413,4.60142450033383,5.22151985159613,2.60466305532201,-0.718806911772319
GDP growth (annual %),NY.GDP.MKTP.KD.ZG,Japan,JPN,4.84092905699353,2.76464755136783,1.56062669680782,0.753826745789127,1.67533175173359,0.643391023533141,-0.402169200894946,-4.16876457146743,2.69657404187188,0.941998775483285,1.47503481053384,0.0836985643852159
GDP growth (annual %),NY.GDP.MKTP.KD.ZG,Jordan,JOR,-0.275903907591925,4.24571192079179,2.49652879315188,1.9941808493012,2.47359815449045,1.91907091341564,1.75124077866225,-1.10275188309046,3.65564358999147,2.64743514912058,2.88408339281683,2.48889409603647
GDP growth (annual %),NY.GDP.MKTP.KD.ZG,Kazakhstan,KAZ,..,9.80000000214156,1.20000000053288,1.09999999910173,4.10000000257358,4.09999999309841,4.50000000091883,-2.49999999628,4.29999999729456,3.19999999970734,5.09999999999999,4.80000000000022
GDP growth (annual %),NY.GDP.MKTP.KD.ZG,Kenya,KEN,4.19205097155167,0.599695390807426,4.96772112759767,4.21351706814744,3.83795817364721,5.64794640709219,5.11415885767801,-0.272766327438816,7.59048947333467,4.85998104287999,5.55587301319866,4.49649828461209
GDP growth (annual %),NY.GDP.MKTP.KD.ZG,Kiribati,KIR,-6.38533433567764,6.74266531257052,11.2653209431294,7.08803465778669,3.74911782642376,3.47943972105872,3.26428756458257,-1.46806718078108,8.47973787138213,4.56632593100372,2.65201087489879,5.26689926385046
GDP growth (annual %),NY.GDP.MKTP.KD.ZG,"Korea, Dem. People's Rep.",PRK,..,..,..,..,..,..,..,..,..,..,..,..
GDP growth (annual %),NY.GDP.MKTP.KD.ZG,"Korea, Rep.",KOR,9.8775525016936,9.06083332508534,2.80910326824133,2.94688171508626,3.15963574012777,2.90740377377135,2.24397786011012,-0.709415359397681,4.30473481906969,2.61267219187226,1.35673324311098,..
GDP growth (annual %),NY.GDP.MKTP.KD.ZG,Kosovo,XKX,..,..,5.91623128345211,5.57177504731632,4.82565565298054,3.40663227056285,4.75680057007834,-5.34027547826166,10.7456560819583,4.27849895827543,4.06762701436438,4.41273828755084
GDP growth (annual %),NY.GDP.MKTP.KD.ZG,Kuwait,KWT,-26.2288925207873,4.69458187079211,0.592770733341254,2.92607587738732,-4.71222270116762,2.74333053861294,2.26381690553512,-4.81778982257279,1.67263689630211,6.75866704650672,-1.66720589738431,-2.56011113294544
GDP growth (annual %),NY.GDP.MKTP.KD.ZG,Kyrgyz Republic,KGZ,5.70279663301396,5.44333663288322,3.87582544512439,4.33585592190116,4.73993722377884,3.75791013557165,4.60062565707598,-7.14897757727955,5.50700762671923,8.96750520041391,9.0132928339342,9.04013556120012
GDP growth (annual %),NY.GDP.MKTP.KD.ZG,Lao PDR,LAO,6.70457869081514,5.79878232861959,7.27006584373785,7.02283625501138,6.8925308726989,6.24796000755872,5.4577350924848,0.503031829018681,2.52835100486102,2.70742652643155,3.74568140158232,4.25825724651581
GDP growth (annual %),NY.GDP.MKTP.KD.ZG,Latvia,LVA,..,5.84102642353959,3.78336712084972,2.55168601974034,3.39894872623931,4.30971286294503,0.675372771884227,-3.46922750780554,6.94254173062592,1.80677198008065,2.85421800106587,-0.44249112634327
GDP growth (annual %),NY.GDP.MKTP.KD.ZG,Lebanon,LBN,26.5331600932491,1.34187161970405,0.462320792597581,1.55454940856943,0.903028464073813,-1.88470575631651,-6.91492472851026,-21.3998996914321,-7.00123862514116,-0.621678970663112,-0.760584470257314,..
GDP growth (annual %),NY.GDP.MKTP.KD.ZG,Lesotho,LSO,6.04547332978933,3.87554677576694,3.12406678044546,3.60890731687714,-3.13817493733471,-1.48063315848241,-1.41799383085205,-8.15595879914267,2.26671067006538,2.38778020186284,1.82662525852363,2.76223818532688
GDP growth (annual %),NY.GDP.MKTP.KD.ZG,Liberia,LBR,-51.0308649467486,28.6159342546183,-0.0185649695590939,-1.5549586174878,2.45515592012239,1.15757512207355,-2.46729763532686,-2.98249127649473,4.98671283481617,4.80810517290655,4.68375688761311,4.79291482156812
GDP growth (annual %),NY.GDP.MKTP.KD.ZG,Libya,LBY,3.72013163404128,3.6792704082,-0.842656252118843,-1.4909411172622,32.4918021862688,7.9413678529104,-11.1960828853386,-29.4552967282824,28.3334624622298,-8.25163004105288,10.1558181770326,-0.605832526910618
GDP growth (annual %),NY.GDP.MKTP.KD.ZG,Liechtenstein,LIE,2.25287099550282,3.22019308239609,..,..,..,..,..,..,..,..,..,..
GDP growth (annual %),NY.GDP.MKTP.KD.ZG,Lithuania,LTU,..,3.41862206571636,2.83280643343234,2.67192215053329,4.61224310312809,4.91836780106811,4.67735183530451,0.0428158336981426,6.38001606179873,2.53752574011534,0.342262716277261,2.77263124530285
GDP growth (annual %),NY.GDP.MKTP.KD.ZG,Luxembourg,LUX,5.31993336839281,6.93812976136098,2.26978423302835,4.97819011520116,1.31718713754285,1.61129561338169,2.74931929072659,-0.510051634039826,6.9297342584233,-1.09505351160836,-0.693632727692318,1.03161671348924
GDP growth (annual %),NY.GDP.MKTP.KD.ZG,"Macao SAR, China",MAC,7.97937610465051,5.74659100533582,-21.5142932394829,-0.679183617886864,9.86005151357863,6.40527915704645,-2.5634151500998,-54.3361062745857,23.5358913163209,-19.6093449325728,75.0618571360857,8.80815968461638
GDP growth (annual %),NY.GDP.MKTP.KD.ZG,Madagascar,MDG,3.12890505042525,4.45685893956946,3.13229807490305,3.99314606199499,3.93330759462793,3.19435651744398,4.41123212909589,-7.13767162064489,4.65068343193992,4.15609778380812,4.20304615803977,4.19999999998224
GDP growth (annual %),NY.GDP.MKTP.KD.ZG,Malawi,MWI,5.69229463403222,1.57607762616895,2.80000000003355,2.49999999914311,4.00000000089172,4.35356471619211,5.71682519194337,0.793596429787286,4.55829212016083,0.921115069005936,1.89245798756383,1.82685000010194
GDP growth (annual %),NY.GDP.MKTP.KD.ZG,Malaysia,MYS,9.00852713774628,8.85886816969386,5.09153242155011,4.44978139761541,5.81272240983328,4.84308697634881,4.41318742129586,-5.45684658426701,3.31534954399166,8.86182187578046,3.55548715410509,5.11415547829091
GDP growth (annual %),NY.GDP.MKTP.KD.ZG,Maldives,MDV,16.9522974545621,3.84581023205111,3.8681353357138,6.37528303066401,7.07442871706306,8.56895559709454,6.92305980832566,-32.9088287284425,37.5078700047075,13.8260895306814,4.72639195043021,5.13396223082093
GDP growth (annual %),NY.GDP.MKTP.KD.ZG,Mali,MLI,-2.5023951034776,-0.0608349718130512,5.97471610121079,6.00506308559498,5.37554769647939,4.86784999935264,4.99999911699705,-1.16907500952713,3.1009412441845,3.5082827896139,4.71716103989503,5.00454593743036
GDP growth (annual %),NY.GDP.MKTP.KD.ZG,Malta,MLT,6.29139095831177,19.6812692571544,9.62109756228348,4.07771929481284,12.972119343498,7.18909653691901,4.08470602847339,-3.35834253154739,13.2997893209653,4.26931853012293,6.79631311118804,5.96928196125685
GDP growth (annual %),NY.GDP.MKTP.KD.ZG,Marshall Islands,MHL,2.67624654001773,2.45443006851272,1.88574597892401,2.5040827436037,3.55815188528943,5.48717948717949,10.4521147301896,-2.77288732394366,1.22227252150293,-1.11806797853311,-3.93487109905021,2.77096802231969
GDP growth (annual %),NY.GDP.MKTP.KD.ZG,Mauritania,MRT,-1.77130453327383,-3.91802585208993,5.37633924099251,1.26090923067225,6.27054566937677,4.77217365692621,3.14100489306969,-0.360657384151068,0.742715395138262,6.79600510182286,6.50718719858594,5.2
GDP growth (annual %),NY.GDP.MKTP.KD.ZG,Mauritius,MUS,7.18673677096029,8.20279174865273,3.69055690369433,3.8624682634,3.93798380632353,4.00674057198549,2.89128499346516,-14.5465381490166,3.40379866177662,8.69306675264066,5.00781381755621,4.69390318398504
GDP growth (annual %),NY.GDP.MKTP.KD.ZG,Mexico,MEX,5.25004329944582,5.02928399378261,2.70232344844723,1.77249323400358,1.87172854186539,1.97208207701884,-0.392690505099296,-8.35403456576364,6.04848345704632,3.71098893117183,3.2953909570288,1.4540624784799
GDP growth (annual %),NY.GDP.MKTP.KD.ZG,"Micronesia, Fed. Sts.",FSM,3.74092685650476,4.83390378617111,4.62188400404939,0.484101802387045,0.823045267489704,0,4.08163265306123,-1.67295417145529,3.09970457292135,-2.90586580595669,0.482147762457146,0.719083511742554
GDP growth (annual %),NY.GDP.MKTP.KD.ZG,Moldova,MDA,..,2.10771608200733,-0.338235622387202,4.64601436259409,4.17561205106279,4.07559546585034,3.5523140853476,-8.27597831976949,13.9299997889786,-4.60000000000001,1.2,0.103059412450989
GDP growth (annual %),NY.GDP.MKTP.KD.ZG,Monaco,MCO,2.64345417053957,3.91022992758094,4.91037176536236,3.00844358752744,-3.20618323813213,5.69790121192926,7.12088951975396,-13.2391048292108,22.2322155851208,11.0469394271752,5.04338259195359,..
GDP growth (annual %),NY.GDP.MKTP.KD.ZG,Mongolia,MNG,-3.18446017825207,1.14606213709108,2.37983580731722,1.48978448679577,5.63687638694772,7.74488062024881,5.60224422064255,-4.55775197583431,1.63676957736662,5.0327096366527,7.4221127615025,4.86400143355705
GDP growth (annual %),NY.GDP.MKTP.KD.ZG,Montenegro,MNE,..,3.10000005928039,3.39038139712073,2.94928032097511,4.71646527572034,5.0778888113381,4.06294499167197,-15.3068937570407,13.0434642521552,6.40668032879275,6.33769754243548,3.04031579750065
GDP growth (annual %),NY.GDP.MKTP.KD.ZG,Morocco,MAR,3.41181222630115,2.58218091499747,4.34458297635238,0.52118550608968,5.05789816173446,3.06564133025955,2.89097476137077,-7.17820744246774,8.15473889823681,1.52720357976111,3.40334130078834,3.23651373521014
GDP growth (annual %),NY.GDP.MKTP.KD.ZG,Mozambique,MOZ,0.999992834277037,0.766234955773442,7.3930936986377,4.69699024225795,2.63820737310658,3.48493202422782,2.31781394821475,-1.21952250011192,2.37743572761507,4.36445074432608,5.4368591229252,1.85177502474457
GDP growth (annual %),NY.GDP.MKTP.KD.ZG,Myanmar,MMR,2.81693327328911,13.7459305561226,6.99284029026121,5.86247291518572,6.13610824360305,6.26886221471075,6.57911006765414,-9.04834717984643,-12.0163724829177,4.0374934360085,0.958446625126115,-0.97204641363362
GDP growth (annual %),NY.GDP.MKTP.KD.ZG,Namibia,NAM,2.04745993989432,3.49218336365178,4.26417453763675,0.0337944502063294,-1.02724808856709,1.05993949860752,-0.839152163419357,-8.10140201443319,3.60382919248703,5.39872476224093,4.44280603819576,3.71154497416239
GDP growth (annual %),NY.GDP.MKTP.KD.ZG,Nauru,NRU,-2.81674699951257,-6.85619346501758,2.69801727367511,4.36324053905588,-6.01122998653516,-1.21912201456978,8.48673659193109,1.98181949377276,7.20659466591439,2.9515183463878,0.64641033466782,1.76025162233491
GDP growth (annual %),NY.GDP.MKTP.KD.ZG,Nepal,NPL,4.63503634698831,6.19999998192236,3.97605327162971,0.433113719381524,8.97727935643466,7.62237610397933,6.65705543110468,-2.3696206292072,4.838149614115,5.6313145568451,1.98254843628392,3.66537430744968
GDP growth (annual %),NY.GDP.MKTP.KD.ZG,Netherlands,NLD,4.18322279220835,4.2197537762102,2.12060523860846,2.42428572955482,2.78154619309936,2.2587403735731,2.30009157916757,-3.86795333823223,6.2768306708326,5.00723455159611,0.0745608349011775,0.979674921515965
GDP growth (annual %),NY.GDP.MKTP.KD.ZG,New Caledonia,NCL,3.6000012717432,2.10010882688805,..,..,..,3.99570728203879,-1.40000000198451,-2.40000000064407,-2.09999999762849,3.49999999631376,..,..
GDP growth (annual %),NY.GDP.MKTP.KD.ZG,New Zealand,NZL,0.153140653942785,2.87005108790095,3.69036908387233,3.77911068354334,3.37873219470765,3.47058203866328,2.31747144034802,-0.307246896026541,4.53540565716095,3.49638686458842,1.39425181563566,-0.126462418567272
GDP growth (annual %),NY.GDP.MKTP.KD.ZG,Nicaragua,NIC,-0.0524997212688305,4.10159025073438,4.79226768332697,4.56314739524967,4.63120757580209,-3.3633566598573,-2.89686986728901,-2.23654176262323,10.454389484408,3.55029945613975,4.42774384760374,3.5878302292345
GDP growth (annual %),NY.GDP.MKTP.KD.ZG,Niger,NER,-1.30847828481959,-1.20847774100575,4.39264883207291,5.74089315058157,5.00536078615544,7.21141802762897,5.93985257123522,3.55064109436891,1.38359636198477,11.9000000000277,1.66763406484279,8.42159789525454
GDP growth (annual %),NY.GDP.MKTP.KD.ZG,Nigeria,NGA,11.7768859342069,5.01593475931159,2.65269329543003,-1.61686894906529,0.80588661910221,1.92275734200651,2.20842927714881,-1.79425308274458,3.64718654072446,3.25168140827093,2.86021499108364,3.42643947135149
GDP growth (annual %),NY.GDP.MKTP.KD.ZG,North Macedonia,MKD,..,4.54913578288874,3.85586514041738,2.84820519363306,1.08177273813243,2.88059670964267,3.91041953840173,-4.68845000956652,4.51067949038222,2.75888415332967,2.07254208845117,2.75624917338976
GDP growth (annual %),NY.GDP.MKTP.KD.ZG,Northern Mariana Islands,MNP,..,..,3.38345864661653,29.2121212121212,23.1707317073171,-19.4973343488195,-11.4474929044465,-29.0598290598291,4.96987951807229,16.6427546628408,..,..
GDP growth (annual %),NY.GDP.MKTP.KD.ZG,Norway,NOR,1.93229130670601,3.31894570142394,1.85733971623901,1.16472423928819,2.46374626574153,0.828931500516902,1.12374694968757,-1.27817177234034,3.90868676830634,3.24622860260932,0.0721204806030329,2.10045327837291
GDP growth (annual %),NY.GDP.MKTP.KD.ZG,Oman,OMN,-0.130425738129333,6.19241063695442,5.01705799719045,5.04642394571691,0.304057565922449,1.28710391543288,-1.12863801728058,-3.37972052697999,2.5821749892893,7.98570728354278,1.18713489558853,1.67407663008134
GDP growth (annual %),NY.GDP.MKTP.KD.ZG,Pakistan,PAK,4.45858681510218,4.2600880111325,4.21794209572506,6.57383828511043,4.43262590683975,6.15170261099519,2.49763692943365,-1.27408744338709,6.51388575852702,4.7781068690358,-0.0398389716673506,3.23478443210148
GDP growth (annual %),NY.GDP.MKTP.KD.ZG,Palau,PLW,5.43650669451732,-2.60390246523619,8.19997983012814,-0.43998926755151,-3.26001845520757,0.110008339571394,0.200015068654793,-5.99943392532354,-13.7938932190606,-1.31842716655024,1.87703198392599,..
GDP growth (annual %),NY.GDP.MKTP.KD.ZG,Panama,PAN,8.09899300707535,4.20900547865375,5.26691719595516,4.57196707937275,5.7440594635578,3.91819807389903,3.10306788630359,-17.8212299695008,16.4671249191559,10.769665870619,7.39930155626219,2.86166663523247
GDP growth (annual %),NY.GDP.MKTP.KD.ZG,Papua New Guinea,PNG,-3.01216922181256,-2.49484199260023,6.57835632304275,5.48957315278187,3.53461081750459,-0.279252284959952,4.48051456942582,-3.16743204434815,-0.511353418578196,5.70758404238197,3.81088622906051,4.09502900203009
GDP growth (annual %),NY.GDP.MKTP.KD.ZG,Paraguay,PRY,4.12328287941739,-2.31414056819045,2.95715173487106,4.26802583314583,4.81007885554041,3.20425034076639,-0.40185510068001,-0.819785390971916,4.01673731780312,0.176038366124061,4.99922791130152,4.24996010464042
GDP growth (annual %),NY.GDP.MKTP.KD.ZG,Peru,PER,-4.98256353646605,2.69437139806912,3.25224477218451,3.95331871520767,2.51883544233135,3.969351341365,2.24063176875049,-10.9333065010382,13.3626240903125,2.8090335533015,-0.403242151494268,3.30394098171516
GDP growth (annual %),NY.GDP.MKTP.KD.ZG,Philippines,PHL,3.08267252855887,4.38250500083399,6.34830971672761,7.14945675000752,6.9309883258402,6.34148557153473,6.11852566221303,-9.51829474045297,5.71473313185116,7.58098212785563,5.51894967862863,5.69201612823412
GDP growth (annual %),NY.GDP.MKTP.KD.ZG,Poland,POL,..,4.65633252988236,4.43176700264478,3.03117767594847,5.15245773325907,6.2458584723942,4.58045817256199,-2.03556882399977,6.92718266052501,5.25545697386036,0.249610834017872,2.9233880806669
GDP growth (annual %),NY.GDP.MKTP.KD.ZG,Portugal,PRT,3.95052317228428,3.81617712035907,1.58979802880627,2.00414128646489,3.31472056420827,2.946282440074,2.74568479564236,-8.20463201239903,5.55875771556673,6.9858417811997,2.61312854351023,1.92844406043977
GDP growth (annual %),NY.GDP.MKTP.KD.ZG,Puerto Rico (US),PRI,-2.84054072711358,3.27196451910478,-1.04929003238674,-1.26369434781117,-2.88521838398481,-4.36142703162535,1.67546379498209,-4.1808743093346,0.385222719529239,2.95709565499587,0.498101252480708,3.22670542229149
GDP growth (annual %),NY.GDP.MKTP.KD.ZG,Qatar,QAT,3.41446208226637,8.02812545191884,4.75334572438737,3.06419188430156,-1.49760470227838,1.23487220191065,0.688240954592672,-3.5576039896784,1.62684671918775,4.18500970982862,1.18715991623776,2.76841433597697
GDP growth (annual %),NY.GDP.MKTP.KD.ZG,Romania,ROU,..,2.46121646882141,3.1570360543854,2.85993252302089,8.19547826641261,6.120930007146,3.92326384963494,-3.67438440910189,5.5457096259051,3.96530766311717,2.40427177912809,0.81368720348209
GDP growth (annual %),NY.GDP.MKTP.KD.ZG,Russian Federation,RUS,-2.99999564243126,10.0000668136515,-1.97271922580408,0.193690071260534,1.82579006401834,2.80724541059601,2.19807571335009,-2.65365450102773,5.86649177292595,-1.43588213859842,4.08252481259281,4.34437475491529
GDP growth (annual %),NY.GDP.MKTP.KD.ZG,Rwanda,RWA,-2.39929109760386,8.37089593548548,8.8568555974538,5.97074525431094,3.91817093628465,8.51646722592409,9.44738518613097,-3.37368746369782,10.8584320184896,8.16120720872912,8.24990302014558,8.89065529573114
GDP growth (annual %),NY.GDP.MKTP.KD.ZG,Samoa,WSM,-4.42145088411849,5.09304469244418,3.8503618166494,7.9838628784713,1.40628239971301,-0.609647103380141,4.45185891688691,-3.10844401053139,-7.07883094291508,-5.30629089966979,9.20864923964689,9.42235044158694
GDP growth (annual %),NY.GDP.MKTP.KD.ZG,San Marino,SMR,..,2.17937971500419,2.29150556129267,2.34440586055425,0.258265466328055,1.4939053181737,2.06568514732741,-6.64791081780602,13.8977895076234,7.89844145767604,..,..
GDP growth (annual %),NY.GDP.MKTP.KD.ZG,Sao Tome and Principe,STP,-2.1526457716534,0.448368261692949,1.5397042826735,5.17682468684113,4.11297966281954,4.37812808264972,2.01431672129407,2.62485949543812,1.89929891337832,0.168698492216564,0.372252775001456,0.900000598992492
GDP growth (annual %),NY.GDP.MKTP.KD.ZG,Saudi Arabia,SAU,9.4260985412794,4.71813422138024,4.65512316652699,1.70407465765956,1.18207993308526,3.2269508901591,1.65156358885577,-3.80476473038999,6.51959698325419,12.0005874752929,0.542592439393161,1.80795515147298
GDP growth (annual %),NY.GDP.MKTP.KD.ZG,Senegal,SEN,-0.746282224252312,3.88721095816793,6.36704365066983,6.35606857181878,7.4074861863013,6.20924103389086,4.61362809749708,1.3420737726679,6.54400109964304,3.85043193735768,4.2574308328029,6.89200740291385
GDP growth (annual %),NY.GDP.MKTP.KD.ZG,Serbia,SRB,..,6.05509225799881,1.29573851189748,2.97519779211943,2.36339378690924,4.64935035491007,4.75020793899014,-0.950023991851594,7.94905650472278,2.63098644408841,3.84747112784942,3.87801279597191
GDP growth (annual %),NY.GDP.MKTP.KD.ZG,Seychelles,SYC,7.45476632743625,4.25319834931828,8.9140088750469,12.1175272453913,6.95416218794271,4.93947272254312,5.5142920737342,-11.7398608281732,0.552281631207279,12.7104688902836,2.25925322283285,3.46568066415341
GDP growth (annual %),NY.GDP.MKTP.KD.ZG,Sierra Leone,SLE,3.34999799346166,6.65272983472759,-4.36333262093788,6.43743652764257,3.20786087715987,2.8938564123677,5.50270937378153,-1.2533490322766,5.8968527047094,5.3135546141915,5.7100218981806,4.00000002570113
GDP growth (annual %),NY.GDP.MKTP.KD.ZG,Singapore,SGP,9.82089955731777,9.03831632555163,2.97679931634806,3.74757848792792,4.47689915845876,3.4519759658687,1.30804118153127,-3.81470885510713,9.7568044629903,4.10800021897151,1.82140694115385,4.38802362461865
GDP growth (annual %),NY.GDP.MKTP.KD.ZG,Sint Maarten (Dutch part),SXM,..,..,0.105813149997005,0.96775836306881,-7.53521399882428,-6.85698299227944,10.9650009352392,-13.3167887221567,4.57759677933345,9.80000111145777,3.8,3.49999999999999
GDP growth (annual %),NY.GDP.MKTP.KD.ZG,Slovak Republic,SVK,..,0.78922447792516,5.17687909722133,1.94781841524558,2.87473327453695,4.06211981896483,2.27589910019393,-2.58551241733207,5.6995926329251,0.437359508569173,2.16814911569574,2.06167771773576
GDP growth (annual %),NY.GDP.MKTP.KD.ZG,Slovenia,SVN,..,3.49791942086068,2.39330621338168,3.03441486663654,5.17440215579958,4.37908347331195,3.50525332381912,-4.08500094942896,8.38965158187224,2.69923874523828,2.11259098460627,1.59101479921402
GDP growth (annual %),NY.GDP.MKTP.KD.ZG,Solomon Islands,SLB,2.19999999881691,-14.2769995911798,1.67614615649777,5.55473153366954,3.07534803424636,2.74599542334096,1.74856655451832,-3.3811475409836,2.56434975416948,2.40248143622522,2.65636186734713,2.53934191702432
GDP growth (annual %),NY.GDP.MKTP.KD.ZG,"Somalia, Fed. Rep.",SOM,2.32693048576071,7.11031431136975,10.4621881235165,7.03487260042056,14.7357956045283,2.05431507259436,2.8243133654528,-2.75248103928239,3.45822792939046,2.72711429582147,4.21638432610854,3.97232080866033
GDP growth (annual %),NY.GDP.MKTP.KD.ZG,South Africa,ZAF,-0.317760426540374,4.20000000067826,1.32186223678229,0.664552307858116,1.15794695181735,1.55678384721676,0.25993557687633,-6.1689177146757,4.95503259440756,1.91147996033504,0.698485193724835,0.579853692303914
GDP growth (annual %),NY.GDP.MKTP.KD.ZG,South Sudan,SSD,..,..,-10.7933646271143,..,..,..,..,..,..,..,..,..
GDP growth (annual %),NY.GDP.MKTP.KD.ZG,Spain,ESP,3.7813935513235,5.20064125553942,4.06086672473866,2.91515598595787,2.89604207865007,2.39541124478878,1.96117850841711,-10.9400706350371,6.68314420473001,6.17931219966114,2.6756634629066,3.15019564517223
GDP growth (annual %),NY.GDP.MKTP.KD.ZG,Sri Lanka,LKA,6.39999531084838,6.00003315828934,4.20595547677647,5.05362488994436,6.46068127065753,2.31008425545845,-0.220483886831275,-4.62451503749502,4.2074764951157,-7.34919301306745,-2.3298481898334,5.00871930957159
GDP growth (annual %),NY.GDP.MKTP.KD.ZG,St. Kitts and Nevis,KNA,4.87725151603959,10.042808415173,0.694135527876625,3.93270319273282,0.220941147299996,2.00352549800972,2.93824658056356,-15.3018891740649,0.367606879216311,10.3424040546025,4.32855771559805,1.1664402290746
GDP growth (annual %),NY.GDP.MKTP.KD.ZG,St. Lucia,LCA,9.89070151995526,0.0487485535201131,0.101917836412952,3.42787214525211,3.37982617272246,2.88677902171601,-0.700322396299441,-24.3614732129122,11.598783583643,20.3884431828414,2.20988276526516,3.89175024218898
GDP growth (annual %),NY.GDP.MKTP.KD.ZG,St. Martin (French part),MAF,..,..,1,5,-8.00000324038295,-7.99999506898229,6.50000363700821,-12.500002246731,4.89999967133534,..,..,..
GDP growth (annual %),NY.GDP.MKTP.KD.ZG,St. Vincent and the Grenadines,VCT,4.14918678513905,1.63903190394467,2.78316119435202,4.14593168183934,1.44883063367161,3.1756114423991,0.668428481084234,-4.26892434422649,2.09340124465459,3.1108330034352,5.32636472098717,4.06183490050209
GDP growth (annual %),NY.GDP.MKTP.KD.ZG,Sudan,SDN,-5.47005377383857,6.34586743997545,1.91017689052751,3.46764218409288,0.70925628476644,-2.6809305497999,-2.17825104530091,-3.62980082410752,-1.8685204827207,-0.957816591119183,-29.4332718325149,-13.4932920592869
GDP growth (annual %),NY.GDP.MKTP.KD.ZG,Suriname,SUR,-4.49999999759301,2.09999886750489,-3.41304268067621,-4.91166050905851,1.56603782534897,4.94827108468886,1.16758977233877,-15.9751917148622,-2.43538583612838,2.40622235601218,2.53956675446825,2.83958602846054
GDP growth (annual %),NY.GDP.MKTP.KD.ZG,Sweden,SWE,0.754674760905274,4.63111600378974,4.41014068702994,2.34974080709026,1.8251560179849,1.90296457254834,2.54964787203104,-2.0053375219518,5.93750858896414,1.45928849980044,-0.114161935397789,0.973832212948594
GDP growth (annual %),NY.GDP.MKTP.KD.ZG,Switzerland,CHE,3.67462550079662,3.95871990780931,1.64462750849488,2.06868969039562,1.36279965488859,2.86044579439036,1.14198218965691,-2.14173712008038,5.55962020605844,3.04406102969423,0.683328174376044,1.30233332541106
GDP growth (annual %),NY.GDP.MKTP.KD.ZG,Syrian Arab Republic,SYR,3.73955590233751,0.675642589410501,-4.179791613232,-6.4055907393619,-0.723281777470547,1.39317607830837,1.22070522070523,-0.697154504235129,1.85421590064124,0.732781301861365,-1.20726420279644,..
GDP growth (annual %),NY.GDP.MKTP.KD.ZG,Tajikistan,TJK,-0.59999963133663,8.32432449473859,6.01930331771186,6.89999999999999,7.10000041864309,7.5999988895536,7.40000016310556,4.40000111553493,9.39999955037523,8.00000033846364,8.29999921651935,8.39999980983981
GDP growth (annual %),NY.GDP.MKTP.KD.ZG,Tanzania,TZA,7.04507164205259,4.52078463603256,6.16062877406682,6.86711619644551,6.76227716834148,5.46808181528009,5.79999999996723,1.99196460647855,4.32138429480482,4.56600576430955,5.06952353203394,5.5263138305945
GDP growth (annual %),NY.GDP.MKTP.KD.ZG,Thailand,THA,11.1671634446293,4.45524704335014,3.13404724911635,3.43515771692182,4.1776810321001,4.22287028746071,2.11455779628278,-6.05003846851622,1.55216608426647,2.58037874709827,2.01775095328327,2.52596175771495
GDP growth (annual %),NY.GDP.MKTP.KD.ZG,Timor-Leste,TLS,..,58.0780959334582,2.48004040218397,3.00993062553351,-3.18241522489195,0.000114754914861237,23.4120135843883,31.961918565387,5.31553853667641,-20.5415847471733,-18.1247909563732,-2.18912155633342
GDP growth (annual %),NY.GDP.MKTP.KD.ZG,Togo,TGO,-0.243656134474705,-0.783479610048047,5.46803129272737,4.21489560925825,4.00813326162304,4.7950602703237,4.92292591685973,1.99215501870344,5.99087610392314,5.75954251521733,6.40792215636242,5.30000531416641
GDP growth (annual %),NY.GDP.MKTP.KD.ZG,Tonga,TON,-2.0440915137989,3.75409745006452,1.11374402398066,6.59869879417958,3.20231976224244,0.687546506680718,-0.208433391421963,1.78339589901164,0.362604273010447,-2.3098644452046,2.08415583636545,..
GDP growth (annual %),NY.GDP.MKTP.KD.ZG,Trinidad and Tobago,TTO,1.50916784295177,6.90135959072803,-0.564816953397482,-7.40345326597171,-4.81858890676506,-0.985525082864029,0.471813384187158,-8.90279446006656,-0.911992866865646,1.08222233950819,1.42711339770401,1.65060334585279
GDP growth (annual %),NY.GDP.MKTP.KD.ZG,Tunisia,TUN,7.94981943665461,4.7099729138049,0.967703108220121,1.11742594891074,2.23783867965943,2.62493010870395,1.58784665466504,-9.01193412390238,4.7363207484732,2.67331821840567,0.0391565674939329,1.35065253490181
GDP growth (annual %),NY.GDP.MKTP.KD.ZG,Turkiye,TUR,9.26614667149323,6.93323970455904,6.08448690443663,3.32308420845746,7.50199748917491,3.0131703931215,0.818514526726673,1.85987303976462,11.4393956926566,5.53342787492781,5.11116818488702,3.18402435479221
GDP growth (annual %),NY.GDP.MKTP.KD.ZG,Turkmenistan,TKM,35.3845581084463,5.46906413252854,6.49999990951666,6.1999999664301,6.50000004682975,6.19999994137119,6.30000004226711,5.900000048526,6.20000001747076,6.19999993621698,6.30015758549871,2.26411722659043
GDP growth (annual %),NY.GDP.MKTP.KD.ZG,Turks and Caicos Islands,TCA,..,..,11.3148293929929,7.25118627570265,-2.49022260414804,91.1370388737081,4.98170549382992,-33.8170973434652,29.6293781722414,14.0871234168153,13.7311481139228,5.63682517443362
GDP growth (annual %),NY.GDP.MKTP.KD.ZG,Tuvalu,TUV,15.376,-0.970489205783323,10.4166666666667,5.66037735849056,2.44839285714286,1.38728384151602,13.8220984406966,-4.27493206901397,1.8041359113616,0.677309361438304,3.85280919517032,..
GDP growth (annual %),NY.GDP.MKTP.KD.ZG,Uganda,UGA,6.47414015255596,3.141907338187,5.18785986002466,4.78100029254482,3.13140551723596,6.30392378262997,6.43874503276439,2.95130642218098,3.53658034070898,4.58802192181773,5.33697295511469,6.13645201846398
GDP growth (annual %),NY.GDP.MKTP.KD.ZG,Ukraine,UKR,-6.34523512831163,5.90000000024899,-9.7729872128676,2.44098194492067,2.35997228099491,3.48836234022659,3.19950386354134,-3.75281793983162,3.44562065945944,-28.7585842155085,5.53473354745886,2.91382221470535
GDP growth (annual %),NY.GDP.MKTP.KD.ZG,United Arab Emirates,ARE,18.3279855336306,10.852704215378,6.78677287656618,5.56149075979933,0.735068713941203,1.31391388153578,1.10834813453296,-4.95705243303316,4.35475529659919,7.50969703496445,3.61870653118159,3.76161544553149
GDP growth (annual %),NY.GDP.MKTP.KD.ZG,United Kingdom,GBR,0.733755470094508,4.34163419265596,2.22288842280334,1.92171009934007,2.65650487566202,1.40519025981538,1.62447518038404,-10.296918859171,8.57595087393024,4.83908517877134,0.39708234553963,1.10066786639271
GDP growth (annual %),NY.GDP.MKTP.KD.ZG,United States,USA,1.88596558335223,4.07758576006954,2.94555045599772,1.81945147620522,2.45762230175086,2.96650506916596,2.58382533018889,-2.16302913866512,6.05505293304556,2.5123753198332,2.88755600905984,2.79619035621393
GDP growth (annual %),NY.GDP.MKTP.KD.ZG,Uruguay,URY,0.297348378681562,-1.92993063549235,0.370741257681345,1.68979822971775,1.74037643374211,0.164777608940113,0.928351141267498,-7.35732706484723,5.84427312558179,4.48622703072073,0.742128785315927,3.10825478066172
GDP growth (annual %),NY.GDP.MKTP.KD.ZG,Uzbekistan,UZB,1.60000000583702,3.83500000014033,7.21877350820803,5.93215079993293,4.39527463349263,5.55919572919288,6.77992399655236,1.56334277260515,8.03468312640049,6.00134232203442,6.29141635082311,6.49999999997677
GDP growth (annual %),NY.GDP.MKTP.KD.ZG,Vanuatu,VUT,11.6956997985937,5.92480905652914,3.96591946444873,3.47154471544715,4.41266598569969,2.90023027256446,3.24118765540442,-4.99249142889525,-1.55229489129462,5.18622862422562,-0.964792281661744,3.96725830607052
GDP growth (annual %),NY.GDP.MKTP.KD.ZG,"Venezuela, RB",VEN,6.46794085305808,3.68694416687683,..,..,..,..,..,..,..,..,..,..
GDP growth (annual %),NY.GDP.MKTP.KD.ZG,Viet Nam,VNM,5.10091813908369,6.78731640463151,6.98715430598611,6.69000892660424,6.94019037359206,7.46500685572751,7.35926270105006,2.86541320912272,2.55372852648131,8.53750046755788,5.06502391455075,7.09118746633975
GDP growth (annual %),NY.GDP.MKTP.KD.ZG,Virgin Islands (U.S.),VIR,..,..,-0.425079702444208,1.6008537886873,-0.735294117647058,1.87830687830687,2.90833549727343,-1.61493817814787,3.66760707873814,-1.31123206333498,..,..
GDP growth (annual %),NY.GDP.MKTP.KD.ZG,West Bank and Gaza,PSE,..,-8.5555726838292,3.72129967114788,8.86461881995935,1.41936756294787,1.22707737782703,1.36268746558062,-11.3184661065134,7.01198227592003,4.08276027347105,-4.55580428525744,-26.5575264529877
GDP growth (annual %),NY.GDP.MKTP.KD.ZG,"Yemen, Rep.",YEM,..,6.1819155928913,-27.9945462446928,-9.37512382380578,-5.0717956426149,0.752447591972881,..,..,..,..,..,..
GDP growth (annual %),NY.GDP.MKTP.KD.ZG,Zambia,ZMB,-0.481072027781664,3.89732294341896,2.92037511217961,3.75510031678988,3.52586277149926,4.03449389667165,1.44130602603785,-2.78505506545167,6.23492204726448,5.21122360356247,5.36794285493059,4.0431482994443
GDP growth (annual %),NY.GDP.MKTP.KD.ZG,Zimbabwe,ZWE,6.98855293279328,-3.05918974918636,1.77985354092071,0.755794054371208,4.7344112255433,5.00992138188113,-6.33244975108572,-7.81693284075131,8.46803916934418,6.1391761744749,5.33677037339527,2.02948414337123
GDP growth (annual %),NY.GDP.MKTP.KD.ZG,Africa Eastern and Southern,AFE,0.17586725565728,3.21216748277074,3.00336692879381,2.19599120737905,2.69623782915109,2.66503807456537,2.20034043292388,-2.85978392104712,4.56356807595664,3.55576878716199,1.89130738721937,2.76680373044995
GDP growth (annual %),NY.GDP.MKTP.KD.ZG,Africa Western and Central,AFW,5.69688031349129,3.84247862865107,2.92800960984003,0.194177489414145,2.29616754739388,2.90465437511295,3.28216299793968,-0.984117425153343,4.03000030607359,3.97496354483744,3.35798699488655,4.17610288931516
GDP growth (annual %),NY.GDP.MKTP.KD.ZG,Arab World,ARB,7.85551974933374,6.34647129326086,3.29422348876905,3.54928351884919,1.60482589556119,2.64284520902167,1.72691613697276,-4.75714499576827,4.40457595978887,6.99541381837754,1.5043551993806,1.54891912399356
GDP growth (annual %),NY.GDP.MKTP.KD.ZG,Caribbean small states,CSS,-0.272230776516452,4.69599855030469,-0.130958704515152,-3.02526549696475,-0.787701925528211,1.23105640692125,0.919134167721197,-9.11325310356304,6.4790691099326,15.0181571627766,9.00795196227071,13.3443258679345
GDP growth (annual %),NY.GDP.MKTP.KD.ZG,Central Europe and the Baltics,CEB,..,3.94604563164221,4.00178299100735,2.80705534176107,5.10700765939953,5.06413042319313,4.02671124743459,-3.31536810484134,6.54607681687429,4.03666414212897,0.763278131880284,1.96330552382373
GDP growth (annual %),NY.GDP.MKTP.KD.ZG,Early-demographic dividend,EAR,5.04379719016626,4.37112541771808,4.41374721580019,4.40390271762379,4.64894506795572,3.84109765418582,2.38719124728406,-4.2153043663299,7.50648140047599,5.96019460339865,4.61090087002265,3.58246104129047
GDP growth (annual %),NY.GDP.MKTP.KD.ZG,East Asia & Pacific,EAS,5.06940959233917,5.43845095432305,4.72018577125908,4.64637469760156,5.04962189672892,4.7843128392733,4.04372924529717,-0.0541286733685524,6.33973583534441,2.99047159522472,4.1939549505956,3.89459315089529
GDP growth (annual %),NY.GDP.MKTP.KD.ZG,East Asia & Pacific (excluding high income),EAP,5.15402372722529,7.72879537142958,6.66142821920221,6.51007729157016,6.66669091382653,6.53719009221585,5.8857935889594,1.34528896450408,7.71979865885916,3.54537500425209,5.25477821929519,4.96259956224176
GDP growth (annual %),NY.GDP.MKTP.KD.ZG,East Asia & Pacific (IDA & IBRD countries),TEA,5.1530545645743,7.72784116477251,6.66143380090382,6.50992070229626,6.66642226313063,6.53703606587011,5.88571324697395,1.34517813817452,7.71948607337309,3.54531588499279,5.25471763539007,4.96260711576491
GDP growth (annual %),NY.GDP.MKTP.KD.ZG,Euro area,EMU,3.59105051702768,3.90185692172169,2.14103194580927,1.82246856299506,2.59749493541435,1.77051257178987,1.6275605718828,-6.04639111246462,6.35844742787222,3.54315414330438,0.418696305054439,0.863297007609859
GDP growth (annual %),NY.GDP.MKTP.KD.ZG,Europe & Central Asia,ECS,2.28936082641948,4.38129862576071,2.09800680571924,1.88196780460466,2.87317514501726,2.12417324926466,1.85681538008799,-5.40788496163321,6.76642448122008,3.30115667013176,1.06944651645084,1.51578451105712
GDP growth (annual %),NY.GDP.MKTP.KD.ZG,Europe & Central Asia (excluding high income),ECA,2.75069316756009,6.77910998864517,3.5694127359252,2.78179357364725,5.81917201339772,3.49739836760725,2.30648934350586,0.295023816819608,9.04476793619193,3.10583446050099,5.07584002798598,3.75193909583378
GDP growth (annual %),NY.GDP.MKTP.KD.ZG,Europe & Central Asia (IDA & IBRD countries),TEC,-1.45761454096352,7.36998830995319,1.48692666648718,1.86009300966261,4.29352580530498,3.73205201677239,2.69803679804454,-1.46161084602306,7.48057714504438,1.94747393676418,3.84175701063837,3.67307586178063
GDP growth (annual %),NY.GDP.MKTP.KD.ZG,European Union,EUU,3.29718670633186,3.93397600338281,2.37047984122928,1.94611611810053,2.79414305233206,2.0540414117159,1.87715856708597,-5.57343288385174,6.35713585699249,3.49214384701398,0.455502395989242,1.02536782724844
GDP growth (annual %),NY.GDP.MKTP.KD.ZG,Fragile and conflict affected situations,FCS,5.14442561800024,5.42659166900299,0.812898812100073,2.15760008195487,2.56869639878138,2.75006146665892,2.31366124062993,-5.02311594136695,2.44037029558743,1.23999531629563,1.96188263793231,1.65398949959956
GDP growth (annual %),NY.GDP.MKTP.KD.ZG,Heavily indebted poor countries (HIPC),HPC,-1.05879169081406,2.87151696577969,4.92605606246937,4.45095532799435,5.02678720032984,4.23444995905693,4.46794597491902,0.239495193485297,4.24188291548224,4.99213593472254,3.48120555757743,5.24377952313803
GDP growth (annual %),NY.GDP.MKTP.KD.ZG,High income,HIC,2.63195887027308,4.26105914769094,2.34360859010809,1.82635894161476,2.47211516762511,2.36853626282927,1.91366941349528,-3.87451598682031,5.84337145363854,3.00327834996845,1.82132848641616,1.92699828836629
GDP growth (annual %),NY.GDP.MKTP.KD.ZG,IBRD only,IBD,1.95863698239309,5.93384514921755,4.3859416571169,4.54607502006175,5.22967302618626,4.95969989325471,4.03893098145156,-1.24910026802465,7.62424896881966,3.73562251626744,4.82049142032486,4.31382038736446
GDP growth (annual %),NY.GDP.MKTP.KD.ZG,IDA & IBRD total,IBT,2.13110526374327,5.76262047110497,4.31203425417186,4.44621940238139,5.13362935080097,4.91396333374638,4.036007543163,-1.21968122140602,7.38440484342473,3.78277970126719,4.68591120713855,4.30675413686576
GDP growth (annual %),NY.GDP.MKTP.KD.ZG,IDA blend,IDB,5.97484818950471,3.52384206249906,3.8367120224392,2.27497742146556,2.77125300695269,3.86521910515599,3.02093352732756,-1.41832538944141,5.26457916726217,4.36541016095966,2.73696664680223,3.8708201655074
GDP growth (annual %),NY.GDP.MKTP.KD.ZG,IDA only,IDX,1.22457785465198,4.36193050111994,3.03043145245803,4.279441140193,5.20514087310077,4.8451933891496,4.96724649240927,-0.315913885705172,3.67250649510815,4.38809270163114,3.25749865131732,4.55161300360969
GDP growth (annual %),NY.GDP.MKTP.KD.ZG,IDA total,IDA,3.81224657277058,3.93060730852754,3.44001961372302,3.25727442589103,3.97579854483428,4.35594845649983,4.00013339585766,-0.858539024490881,4.45172622070098,4.37690462621214,3.00077652876011,4.21671151635795
GDP growth (annual %),NY.GDP.MKTP.KD.ZG,Late-demographic dividend,LTE,0.247622332799466,7.03192177547119,4.70094335810418,4.44747425684773,5.30206982079058,5.44109300446654,4.74554139385988,0.303693779788787,7.5862532160528,3.30286706491528,4.35348918461054,4.45301510129421
GDP growth (annual %),NY.GDP.MKTP.KD.ZG,Latin America & Caribbean,LCN,-0.370812039799262,3.61915897673124,0.403256652963151,-0.336758315117152,1.88257386813125,1.58926392024679,0.68279883783471,-6.61772497533025,7.08207377171361,3.96898413283854,2.25304157617971,2.26525883124424
GDP growth (annual %),NY.GDP.MKTP.KD.ZG,Latin America & Caribbean (excluding high income),LAC,-0.49981899661293,3.61853257172436,0.2527933349497,-0.540931679082746,1.97734970435613,1.55254637051358,0.600027443888251,-6.5236090907036,6.87040445307707,3.85173953015484,2.18856946058862,2.01211386184328
GDP growth (annual %),NY.GDP.MKTP.KD.ZG,Latin America & the Caribbean (IDA & IBRD countries),TLA,-0.237758697213536,3.5932608027781,0.361452945641744,-0.337830169341998,1.98224476223952,1.67650870518743,0.6782582884085,-6.52902364043537,7.28007815986651,4.00025175629879,2.33861319300279,2.2441060750872
GDP growth (annual %),NY.GDP.MKTP.KD.ZG,Least developed countries: UN classification,LDC,0.0259914168220661,4.34518722041261,2.80939960662927,3.73199989335001,4.54630473156512,4.64398366650467,5.10197781417077,-0.0998965241378897,2.82134174296328,4.77315115466619,3.05222026754709,3.86385485651356
GDP growth (annual %),NY.GDP.MKTP.KD.ZG,Low & middle income,LMY,3.13526222330186,5.57393812749338,4.70641374667235,4.73820624805725,5.31962772113314,5.00975898499578,4.1365914075449,-1.05744327400041,7.4142150848723,3.95905115842071,4.81773759371491,4.33346498155976
GDP growth (annual %),NY.GDP.MKTP.KD.ZG,Low income,LIC,-3.30880800104617,2.91509953295473,-2.10261844236827,0.694857095569517,1.78720471104985,2.76929975784364,3.45566189269503,-1.04416700524115,1.26742894054632,3.63667763132267,-0.202242107619824,2.33210194062441
GDP growth (annual %),NY.GDP.MKTP.KD.ZG,Lower middle income,LMC,5.11143028775052,4.2034509878865,5.93384849280589,5.68813951458024,5.45313816396977,5.43440527205776,4.07069813320975,-3.60166727252459,6.65798348612181,6.12784415126359,6.01632784783916,5.13216254413686
GDP growth (annual %),NY.GDP.MKTP.KD.ZG,"Middle East, North Africa, Afghanistan & Pakistan",MEA,8.56852675056068,6.36845540673832,2.72750460828132,4.48458497621785,2.24433442522883,2.61082409145581,1.48601094232231,-3.30783118370476,5.08488796918851,6.37745035943806,2.15375824850238,1.94187490391739
GDP growth (annual %),NY.GDP.MKTP.KD.ZG,"Middle East, North Africa, Afghanistan & Pakistan (excluding high income)",MNA,9.88011533441735,5.7492054109486,1.11209035525653,5.56694050189247,3.33970332514728,2.55406846146956,1.21907744890855,-2.86087724971401,4.46819298146973,4.17918293839318,2.83836718283921,1.96587398658066
GDP growth (annual %),NY.GDP.MKTP.KD.ZG,"Middle East, North Africa, Afghanistan & Pakistan (IDA & IBRD)",TMN,9.88011533441735,5.86039396077813,1.09197771568293,5.540859774701,3.35536920191204,2.56469112428024,1.21794283279864,-2.79396103092033,4.44983157654002,4.17989600248718,2.89299751449825,2.16135713353849
GDP growth (annual %),NY.GDP.MKTP.KD.ZG,Middle income,MIC,3.26060692284938,5.62418932547806,4.80570713456557,4.79328224035407,5.36586237781218,5.0380875932462,4.14501518615187,-1.05760642757627,7.4897638989351,3.96278401748734,4.87568310039465,4.3554994954611
GDP growth (annual %),NY.GDP.MKTP.KD.ZG,North America,NAC,1.74443650894418,4.16197041866826,2.7611045598069,1.75741359221038,2.50284496141748,2.94789314154824,2.53036586266846,-2.38760840938158,6.0467295655091,2.64000633148727,2.78414041057677,2.70006925323977
GDP growth (annual %),NY.GDP.MKTP.KD.ZG,Not classified,INX,..,..,..,..,..,..,..,..,..,..,..,..
GDP growth (annual %),NY.GDP.MKTP.KD.ZG,OECD members,OED,2.93745052459093,4.10408314751389,2.51754635236649,1.84332447750907,2.57099103216501,2.33792285052236,1.85801249341864,-3.90217697222562,5.95708967391334,3.0534747681364,1.82330715907888,1.78452408783704
GDP growth (annual %),NY.GDP.MKTP.KD.ZG,Other small states,OSS,5.25682731747783,7.42040344908996,3.49277346939087,4.15515136073337,5.16511841570508,4.41884745536811,4.3378061036871,-5.79719347818802,7.74005616712579,4.61997486607761,2.68442243093109,2.9351387274728
GDP growth (annual %),NY.GDP.MKTP.KD.ZG,Pacific island small states,PSS,3.65152894037435,-1.5209373311953,4.00888531157423,3.64840772695906,3.87169998298998,2.76809485992598,1.1536188414301,-10.1509279374191,-2.68886923051545,9.37496227830425,5.05453814756179,4.00145098516238
GDP growth (annual %),NY.GDP.MKTP.KD.ZG,Post-demographic dividend,PST,2.70456590075563,4.04647054924962,2.23714859607691,1.79357838188213,2.44254705031454,2.24541979474166,1.83639112828892,-4.07885321043369,5.67921579694656,2.73537662870143,1.86086159205388,1.7925252956905
GDP growth (annual %),NY.GDP.MKTP.KD.ZG,Pre-demographic dividend,PRE,8.28022277111626,5.5347996402386,3.07384482909376,2.41414704817792,1.64804967625294,2.62073084017263,3.34123143574784,-2.53540855344319,3.18732049747442,4.29857927800728,2.28536883876953,3.09973287185412
GDP growth (annual %),NY.GDP.MKTP.KD.ZG,Small states,SST,2.96888982005731,6.03985230494469,2.31770025778371,1.81202307363202,3.27150167895711,3.39672634992898,3.19524875897925,-6.94107249427533,6.9162272557131,7.67919806073043,4.65816169044288,6.19207435277293
GDP growth (annual %),NY.GDP.MKTP.KD.ZG,South Asia,SAS,5.58717150098866,4.08685651014527,7.68973935171182,7.9691233362164,6.78411966017723,6.39366632536145,4.09454306494122,-4.98750173641923,9.24659959715393,7.10115392632341,8.50511785369001,6.2248422535276
GDP growth (annual %),NY.GDP.MKTP.KD.ZG,South Asia (IDA & IBRD),TSA,5.58717150098866,4.08685651014527,7.68973935171182,7.9691233362164,6.78411966017723,6.39366632536145,4.09454306494122,-4.98750173641923,9.24659959715393,7.10115392632341,8.50511785369001,6.2248422535276
GDP growth (annual %),NY.GDP.MKTP.KD.ZG,Sub-Saharan Africa,SSF,2.34018489967261,3.46844389630773,2.96837822174096,1.26690541590636,2.51252334604544,2.77483897499333,2.6966970225991,-1.99429357937267,4.31482574912398,3.75065831797936,2.57466153784003,3.4284375945618
GDP growth (annual %),NY.GDP.MKTP.KD.ZG,Sub-Saharan Africa (excluding high income),SSA,2.32752129790398,3.41098612284341,2.68639941994022,0.929693026095222,2.20146218469912,2.58418521542021,2.41858916335194,-2.39734821680698,4.2444845352626,3.653276276141,2.34397090114797,3.19564992818877
GDP growth (annual %),NY.GDP.MKTP.KD.ZG,Sub-Saharan Africa (IDA & IBRD countries),TSS,2.34018489967262,3.46844389630773,2.96837822174095,1.26690541590635,2.51252334604544,2.77483897499333,2.6966970225991,-1.99429357937267,4.31482574912401,3.75065831797934,2.57466153784,3.42843759456181
GDP growth (annual %),NY.GDP.MKTP.KD.ZG,Upper middle income,UMC,2.71975782364041,6.01574571868994,4.52173227736657,4.56498624523576,5.34335741716502,4.93578649722562,4.16428972743392,-0.398382933666042,7.6983651962929,3.42505615924939,4.58498208066551,4.1542622629821
GDP growth (annual %),NY.GDP.MKTP.KD.ZG,World,WLD,2.72339535650362,4.54210198750424,3.13451532534148,2.8143608967909,3.45634160134831,3.29609128087935,2.71004016031682,-2.84908234670674,6.41954127739832,3.35991138278709,2.94333273070461,2.86326302627853
,,,,,,,,,,,,,,,
,,,,,,,,,,,,,,,
,,,,,,,,,,,,,,,
Data from database: World Development Indicators,,,,,,,,,,,,,,,
Last Updated: 10/07/2025,,,,,,,,,,,,,,,
